{"cameraMode":{"drawMode":0,"name":"Shaded","section":"Shading Mode"},"sceneLighting":true,"audioPlay":false,"sceneViewState":{"showFog":true,"showMaterialUpdate":false,"showSkybox":true,"showFlares":true,"showImageEffects":true,"showParticleSystems":true},"in2DMode":false,"pivot":{"x":80.83126831054688,"y":-2.196444511413574,"z":5.49488639831543},"rotation":{"x":0.021471433341503145,"y":0.973924458026886,"z":-0.20027464628219605,"w":0.1044132262468338},"size":2.906461477279663,"orthographic":false}