{"cameraMode":{"drawMode":0,"name":"Shaded","section":"Shading Mode"},"sceneLighting":false,"audioPlay":false,"sceneViewState":{"showFog":true,"showMaterialUpdate":false,"showSkybox":false,"showFlares":true,"showImageEffects":true,"showParticleSystems":true},"in2DMode":false,"pivot":{"x":-18.5,"y":11.339982986450196,"z":-30.700000762939454},"rotation":{"x":0.040091436356306079,"y":-0.939538836479187,"z":0.3189970552921295,"w":0.11816957592964173},"size":1.956581473350525,"orthographic":false}